Negativní klíčové slovo,Poznámka
aikido video,Informační záměr
aikido film,Informační záměr
aikido wiki,Informační záměr
aikido wikipedia,Informační záměr
steven seagal,Nerelevantní
aikido historie,Informační záměr
aikido praha,Jiná lokalita
aikido brno,Jiná lokalita
aikido ostrava,Jiná lokalita
aikido plzeň,Jiná lokalita
aikido olomouc,Jiná lokalita
aikido liberec,Jiná lokalita
aikido české budějovice,Jiná lokalita
aikido karlovy vary,Jiná lokalita – blízké ale jiné město
judo,Jiný sport
karate,Jiný sport
taekwondo,Jiný sport
box,Jiný sport
mma,Jiný sport
kickbox,Jiný sport
krav maga,Jiný sport
kniha,Nerelevantní produkt
knihy,Nerelevantní produkt
oblečení,Nerelevantní produkt
kimono prodej,Nerelevantní produkt
zdarma online,Nerelevantní
