Kampaň,Sestava,Klíčové slovo,Typ shody,Titulek 1,Titulek 2,Titulek 3,Popis 1,Popis 2,URL,Cesta 1,Cesta 2
Aikido ML - Brand,Brand - Aikido ML,aikido mariánské lázně,Frázová,"Aikido Mariánské Lázně","BUDO CLUB – Tréninky aikida","3 tréninky zdarma","Tréninky aikida pro děti i dospělé. Úterý a pátek v Mariánských Lázních. Přijďte si vyzkoušet!","První 3 tréninky zcela zdarma. Žádné zkušenosti nejsou potřeba. 200 Kč/měsíc.",https://aikidoml.cz,aikido,marianske-lazne
Aikido ML - Brand,Brand - Aikido ML,aikido marianske lazne,Frázová,"Aikido Mariánské Lázně","BUDO CLUB – Tréninky aikida","3 tréninky zdarma","Tréninky aikida pro děti i dospělé. Úterý a pátek v Mariánských Lázních. Přijďte si vyzkoušet!","První 3 tréninky zcela zdarma. Žádné zkušenosti nejsou potřeba. 200 Kč/měsíc.",https://aikidoml.cz,aikido,marianske-lazne
Aikido ML - Brand,Brand - Aikido ML,budo club mariánské lázně,Frázová,"Aikido Mariánské Lázně","BUDO CLUB – Tréninky aikida","3 tréninky zdarma","Tréninky aikida pro děti i dospělé. Úterý a pátek v Mariánských Lázních. Přijďte si vyzkoušet!","První 3 tréninky zcela zdarma. Žádné zkušenosti nejsou potřeba. 200 Kč/měsíc.",https://aikidoml.cz,aikido,marianske-lazne
Aikido ML - Brand,Brand - Aikido ML,"aikido ml",Přesná,"Aikido Mariánské Lázně","BUDO CLUB – Tréninky aikida","3 tréninky zdarma","Tréninky aikida pro děti i dospělé. Úterý a pátek v Mariánských Lázních. Přijďte si vyzkoušet!","První 3 tréninky zcela zdarma. Žádné zkušenosti nejsou potřeba. 200 Kč/měsíc.",https://aikidoml.cz,aikido,marianske-lazne
Aikido ML - Kurzy,Aikido obecné,aikido kurzy,Frázová,"Aikido – Kurzy v Mar. Lázních","Bojové umění pro každého","Začněte bez zkušeností","Aikido rozvíjí tělo i ducha. Naučte se efektivní sebeobranu bez násilí. Tréninky 2× týdně.","Vstup od 200 Kč/měsíc. První 3 lekce zdarma. Přátelský kolektiv a zkušení instruktoři.",https://aikidoml.cz/cs/detaily-treninku/nabor,kurzy,aikido
Aikido ML - Kurzy,Aikido obecné,aikido trénink,Frázová,"Aikido – Kurzy v Mar. Lázních","Bojové umění pro každého","Začněte bez zkušeností","Aikido rozvíjí tělo i ducha. Naučte se efektivní sebeobranu bez násilí. Tréninky 2× týdně.","Vstup od 200 Kč/měsíc. První 3 lekce zdarma. Přátelský kolektiv a zkušení instruktoři.",https://aikidoml.cz/cs/detaily-treninku/nabor,kurzy,aikido
Aikido ML - Kurzy,Aikido obecné,aikido pro začátečníky,Frázová,"Aikido – Kurzy v Mar. Lázních","Bojové umění pro každého","Začněte bez zkušeností","Aikido rozvíjí tělo i ducha. Naučte se efektivní sebeobranu bez násilí. Tréninky 2× týdně.","Vstup od 200 Kč/měsíc. První 3 lekce zdarma. Přátelský kolektiv a zkušení instruktoři.",https://aikidoml.cz/cs/detaily-treninku/nabor,kurzy,aikido
Aikido ML - Kurzy,Aikido obecné,aikido lekce,Frázová,"Aikido – Kurzy v Mar. Lázních","Bojové umění pro každého","Začněte bez zkušeností","Aikido rozvíjí tělo i ducha. Naučte se efektivní sebeobranu bez násilí. Tréninky 2× týdně.","Vstup od 200 Kč/měsíc. První 3 lekce zdarma. Přátelský kolektiv a zkušení instruktoři.",https://aikidoml.cz/cs/detaily-treninku/nabor,kurzy,aikido
Aikido ML - Kurzy,Bojové umění ML,bojové umění mariánské lázně,Frázová,"Bojové umění v Mar. Lázních","Aikido – Harmonie těla i ducha","První 3 tréninky zdarma","Hledáte bojové umění? Aikido je sebeobrana bez násilí. Tréninky Út + Pá v Mariánských Lázních.","Vhodné pro úplné začátečníky. Děti i dospělí. Přijďte si zkusit trénink zdarma!",https://aikidoml.cz/cs/detaily-treninku/nabor,bojove-umeni,marianske-lazne
Aikido ML - Kurzy,Bojové umění ML,bojová umění mariánské lázně,Frázová,"Bojové umění v Mar. Lázních","Aikido – Harmonie těla i ducha","První 3 tréninky zdarma","Hledáte bojové umění? Aikido je sebeobrana bez násilí. Tréninky Út + Pá v Mariánských Lázních.","Vhodné pro úplné začátečníky. Děti i dospělí. Přijďte si zkusit trénink zdarma!",https://aikidoml.cz/cs/detaily-treninku/nabor,bojove-umeni,marianske-lazne
Aikido ML - Kurzy,Bojové umění ML,sebeobrana mariánské lázně,Frázová,"Bojové umění v Mar. Lázních","Aikido – Harmonie těla i ducha","První 3 tréninky zdarma","Hledáte bojové umění? Aikido je sebeobrana bez násilí. Tréninky Út + Pá v Mariánských Lázních.","Vhodné pro úplné začátečníky. Děti i dospělí. Přijďte si zkusit trénink zdarma!",https://aikidoml.cz/cs/detaily-treninku/nabor,bojove-umeni,marianske-lazne
Aikido ML - Kurzy,Bojové umění ML,sport mariánské lázně,Volná,"Bojové umění v Mar. Lázních","Aikido – Harmonie těla i ducha","První 3 tréninky zdarma","Hledáte bojové umění? Aikido je sebeobrana bez násilí. Tréninky Út + Pá v Mariánských Lázních.","Vhodné pro úplné začátečníky. Děti i dospělí. Přijďte si zkusit trénink zdarma!",https://aikidoml.cz/cs/detaily-treninku/nabor,bojove-umeni,marianske-lazne
Aikido ML - Děti,Aikido pro děti,aikido pro děti,Frázová,"Aikido pro děti v Mar. Lázních","Rozvoj koordinace a disciplíny","3 tréninky zdarma","Aikido učí děti spolupráci, sebevědomí a řešení konfliktů bez násilí. Bezpečné prostředí.","Tréninky Út + Pá. První 3 lekce zdarma. Rodiče vítáni jako pozorovatelé.",https://aikidoml.cz/cs/pro-deti,aikido,pro-deti
Aikido ML - Děti,Aikido pro děti,bojové umění pro děti,Frázová,"Aikido pro děti v Mar. Lázních","Rozvoj koordinace a disciplíny","3 tréninky zdarma","Aikido učí děti spolupráci, sebevědomí a řešení konfliktů bez násilí. Bezpečné prostředí.","Tréninky Út + Pá. První 3 lekce zdarma. Rodiče vítáni jako pozorovatelé.",https://aikidoml.cz/cs/pro-deti,aikido,pro-deti
Aikido ML - Děti,Aikido pro děti,sport pro děti mariánské lázně,Frázová,"Aikido pro děti v Mar. Lázních","Rozvoj koordinace a disciplíny","3 tréninky zdarma","Aikido učí děti spolupráci, sebevědomí a řešení konfliktů bez násilí. Bezpečné prostředí.","Tréninky Út + Pá. První 3 lekce zdarma. Rodiče vítáni jako pozorovatelé.",https://aikidoml.cz/cs/pro-deti,aikido,pro-deti
Aikido ML - Děti,Aikido pro děti,kroužky pro děti mariánské lázně,Volná,"Aikido pro děti v Mar. Lázních","Rozvoj koordinace a disciplíny","3 tréninky zdarma","Aikido učí děti spolupráci, sebevědomí a řešení konfliktů bez násilí. Bezpečné prostředí.","Tréninky Út + Pá. První 3 lekce zdarma. Rodiče vítáni jako pozorovatelé.",https://aikidoml.cz/cs/pro-deti,aikido,pro-deti
Aikido ML - Děti,Aikido pro děti,aktivity pro děti mariánské lázně,Volná,"Aikido pro děti v Mar. Lázních","Rozvoj koordinace a disciplíny","3 tréninky zdarma","Aikido učí děti spolupráci, sebevědomí a řešení konfliktů bez násilí. Bezpečné prostředí.","Tréninky Út + Pá. První 3 lekce zdarma. Rodiče vítáni jako pozorovatelé.",https://aikidoml.cz/cs/pro-deti,aikido,pro-deti
Aikido ML - Seminář,Seminář 2026,aikido seminář,Frázová,"Aikido seminář – květen 2026","5. DAN AIKIKAI – R. Wasserbauer","Mar. Lázně 22.–23. května","Aikido seminář pod vedením Richarda Wasserbauera (5. DAN AIKIKAI). 22.–23. května v Mariánských Lázních.","Celá stáž 500 Kč. Jeden trénink 250 Kč. Přespání na tatami možné. Zbraně s sebou!",https://aikidoml.cz/cs,seminar,2026
Aikido ML - Seminář,Seminář 2026,aikido workshop,Frázová,"Aikido seminář – květen 2026","5. DAN AIKIKAI – R. Wasserbauer","Mar. Lázně 22.–23. května","Aikido seminář pod vedením Richarda Wasserbauera (5. DAN AIKIKAI). 22.–23. května v Mariánských Lázních.","Celá stáž 500 Kč. Jeden trénink 250 Kč. Přespání na tatami možné. Zbraně s sebou!",https://aikidoml.cz/cs,seminar,2026
Aikido ML - Seminář,Seminář 2026,aikido stáž,Frázová,"Aikido seminář – květen 2026","5. DAN AIKIKAI – R. Wasserbauer","Mar. Lázně 22.–23. května","Aikido seminář pod vedením Richarda Wasserbauera (5. DAN AIKIKAI). 22.–23. května v Mariánských Lázních.","Celá stáž 500 Kč. Jeden trénink 250 Kč. Přespání na tatami možné. Zbraně s sebou!",https://aikidoml.cz/cs,seminar,2026
